,artist,album,track_name
0,Avicii,Levels,Levels - Radio Edit
1,Avicii,Stories,Waiting For Love
2,Tim Berg,Seek Bromance,Seek Bromance - Avicii Vocal Edit
3,Avicii,True,You Make Me
4,Avicii,I Could Be The One [Avicii vs Nicky Romero],I Could Be The One [Avicii vs Nicky Romero] - Nicktim - Radio Edit
5,Avicii,True,Hey Brother
6,Avicii,True,Wake Me Up - Radio Edit
7,Linkin Park,Minutes to Midnight,What I've Done
8,Linkin Park,Meteora (Bonus Edition),Numb
9,Akon,Konvicted,Smack That
10,Akon,Konvicted,Don't Matter
11,Akon,Trouble Deluxe Edition,Lonely
12,Sam Smith,In The Lonely Hour,I'm Not The Only One
13,Sam Smith,In The Lonely Hour,Stay With Me
14,Naughty Boy,Hotel Cabana (Deluxe Version),La La La
15,Rihanna,Talk That Talk (Deluxe),We Found Love
16,Rihanna,Good Girl Gone Bad: Reloaded,Shut Up And Drive
17,Rihanna,Good Girl Gone Bad: Reloaded,Don't Stop The Music
18,Rihanna,Rated R,Rude Boy
19,Rihanna,Rated R,Russian Roulette
20,Swedish House Mafia,One (Your Name),One (Your Name) - Radio Edit
21,Swedish House Mafia,Don't You Worry Child,Don't You Worry Child - Radio Edit
22,Swedish House Mafia,Save The World,Save The World
23,Knife Party,Rage Valley,Rage Valley
24,Knife Party,Rage Valley,Centipede
25,deadmau5,Ghosts 'n' Stuff (feat. Rob Swire) (feat. Rob Swire),Ghosts 'n' Stuff (feat. Rob Swire) - Radio Edit
26,Daft Punk,Discovery,"Harder, Better, Faster, Stronger"
27,Daft Punk,Get Lucky (feat. Pharrell Williams & Nile Rodgers) [Radio Edit],Get Lucky (feat. Pharrell Williams & Nile Rodgers) - Radio Edit
28,Daft Punk,Human After All,Technologic
29,The Weeknd,Starboy,Starboy
30,Travie McCoy,Billionaire (feat. Bruno Mars),Billionaire (feat. Bruno Mars)
31,B.o.B,B.o.B Presents: The Adventures of Bobby Ray,Nothin' on You (feat. Bruno Mars)
32,Bruno Mars,Doo-Wops & Hooligans,Just the Way You Are
33,Bruno Mars,Doo-Wops & Hooligans,The Lazy Song
34,Bruno Mars,Unorthodox Jukebox,Treasure
35,Mark Ronson,Uptown Special,Uptown Funk (feat. Bruno Mars)
36,Bruno Mars,Unorthodox Jukebox,Locked out of Heaven
37,David Guetta,Guetta Blaster,The World Is Mine
38,David Guetta,Pop Life,Love Is Gone - Fred Riester & Joachim Garraud Radio Edit Remix
39,David Guetta,One More Love,Memories (feat. Kid Cudi)
40,David Guetta,Nothing But The Beat,Without You - feat. Usher
41,Jason Mraz,We Sing. We Dance. We Steal Things.,I'm Yours
42,Red Hot Chili Peppers,By the Way (Deluxe Edition),By the Way
43,Red Hot Chili Peppers,Stadium Arcadium,Snow (Hey Oh)
44,Red Hot Chili Peppers,By the Way (Deluxe Edition),Can't Stop
45,Red Hot Chili Peppers,Stadium Arcadium,Hump de Bump
46,Depeche Mode,Playing the Angel,Precious
47,Clean Bandit,Rockabye (feat. Sean Paul & Anne-Marie),Rockabye (feat. Sean Paul & Anne-Marie)
48,Jay Sean,All Or Nothing,Ride It
49,Timbaland,Shock Value Deluxe Version (International Version),The Way I Are
50,Timbaland,Shock Value,Apologize
51,Timbaland,Shock Value Deluxe Version (International Version),Give It To Me
52,Usher,Yeah!,Yeah!
53,Clean Bandit,Rather Be (feat. Jess Glynne),Rather Be (feat. Jess Glynne)
54,Skrillex,Make It Bun Dem,Make It Bun Dem
55,Zomboy,The Dead Symphonic EP,Nuclear (Hands Up)
56,Skrillex,More Monsters and Sprites EP,First of the Year (Equinox)
57,Usher,8701,U Got It Bad
58,Craig David,Slicker than Your Average,Rise & Fall (feat. Sting)
59,Outlandish,Closer Than Veins,Callin' U
60,Chris Brown,Exclusive - The Forever Edition,With You
61,Outlandish,Bread & Barrels Of Water,Aicha
62,Jennifer Lopez,This Is Me...Then,Jenny from the Block (feat. Jadakiss & Styles P.) - Track Masters Remix
63,Shaggy,Hot Shot (International Version #2),Angel
64,Blue,Best Of Blue,Sorry Seems To Be The Hardest Word
65,James Morrison,"Songs For You, Truths For Me (International Exclusive Bundle)",Broken Strings
66,Busta Rhymes,It Ain't Safe No More. . .,I Know What You Want (feat. Flipmode Squad)
67,Daniel Powter,Daniel Powter,Bad Day
68,Maroon 5,Songs About Jane: 10th Anniversary Edition,She Will Be Loved - Radio Mix
69,Gym Class Heroes,The Papercut Chronicles II,Stereo Hearts (feat. Adam Levine)
70,R. City,What Dreams Are Made Of,Locked Away (feat. Adam Levine)
71,Shawn Mendes,Handwritten,Stitches
72,Maroon 5,Overexposed Track By Track,One More Night
73,OneRepublic,Native,Counting Stars
74,Mr. Probz,Waves (Robin Schulz Radio Edit),Waves - Robin Schulz Radio Edit
75,Kygo,Cloud Nine,Stole the Show
76,Jonas Blue,Fast Car,Fast Car
77,Alan Walker,Faded,Faded
78,Felix Jaehn,I,Ain't Nobody (Loves Me Better) (feat. Jasmine Thompson)
79,The Weeknd,Beauty Behind The Madness,Can't Feel My Face
80,The Weeknd,Beauty Behind The Madness,The Hills
81,OMI,Me 4 U,Cheerleader - Felix Jaehn Remix Radio Edit
82,Kiesza,Sound Of A Woman,Hideaway
83,Nico & Vinz,Black Star Elephant,Am I Wrong
84,Calvin Harris,Motion,Blame (feat. John Newman)
85,Macklemore & Ryan Lewis,The Heist,Can't Hold Us - feat. Ray Dalton
86,Calvin Harris,Motion,Summer
87,MAGIC!,Don't Kill the Magic,Rude
88,Sia,1000 Forms Of Fear,Chandelier
89,Kungs,Layers,This Girl (Kungs Vs. Cookin' On 3 Burners)
90,Matt Simons,Catch & Release (Deepend Remix),Catch & Release - Deepend Remix Extended Version
91,The Neighbourhood,I Love You.,Sweater Weather
92,The Weeknd,Beauty Behind The Madness,Earned It (Fifty Shades Of Grey)
93,Of Monsters and Men,My Head Is An Animal,Little Talks
94,The Lumineers,The Lumineers,Ho Hey
95,Vance Joy,Dream Your Life Away,Riptide
96,George Ezra,Wanted on Voyage,Budapest
97,James Bay,Chaos And The Calm,Hold Back The River
98,Howard Shore,The Hobbit - The Desolation Of Smaug (Original Motion Picture Soundtrack / Special Edition),"I See Fire - From ""The Hobbit - The Desolation Of Smaug"""
99,Hozier,From Eden EP,From Eden
100,Ed Sheeran,+,Give Me Love
101,Florence + The Machine,"How Big, How Blue, How Beautiful (Deluxe)",Ship To Wreck
102,Gnarls Barkley,St. Elsewhere,Crazy
103,Black Eyed Peas,Elephunk (International Version),Where Is The Love?
104,Shakira,"Oral Fixation, Vol. 2 (Expanded Edition)",Hips Don't Lie (feat. Wyclef Jean)
105,Beyoncé,Crazy In Love,Crazy in Love (feat. Jay-Z)
106,Kanye West,Late Registration,Gold Digger
107,The Pussycat Dolls,PCD (Revised International Version),Don't Cha
108,Ciara,Goodies,"One, Two Step (feat. Missy Elliott)"
109,The White Stripes,Elephant,Seven Nation Army
110,Kylie Minogue,Fever (Deluxe Edition),Can't Get You out of My Head
111,Gotye,Making Mirrors,Somebody That I Used To Know
112,Amy Winehouse,Back To Black,Rehab
113,Duffy,Rockferry,Mercy
114,Kevin Lyttle,Turn Me On (Online Music),Turn Me On
115,Sean Paul,The Trinity,Temperature
116,Arctic Monkeys,AM,R U Mine?
117,Eminem,The Marshall Mathers LP,The Real Slim Shady
118,Eminem,The Eminem Show,Without Me
119,Eminem,The Eminem Show,Sing For The Moment
120,Eminem,Recovery,Love The Way You Lie
121,Foo Fighters,In Your Honor,Best of You
122,Hozier,Hozier,Someone New
123,Hozier,Hozier,Take Me To Church
124,Tom Odell,Long Way Down (Deluxe),Another Love
125,Passenger,All The Little Lights,Let Her Go
126,Muse,The Resistance,Uprising
127,Muse,The 2nd Law,Madness
128,Muse,The Resistance,Resistance
129,Knife Party,Rage Valley,Bonfire
130,John Legend,Get Lifted,Ordinary People
131,Maroon 5,Songs About Jane: 10th Anniversary Edition,This Love
132,Maroon 5,Overexposed Track By Track,Payphone
133,Maroon 5,V,Maps
134,Knife Party,100% No Modern Talking,Internet Friends
135,Skrillex,Scary Monsters and Nice Sprites (Deluxe Tour Edition),Scary Monsters and Nice Sprites
136,Zomboy,Reanimated EP,Terror Squad
137,Kill The Noise,BLVCK MVGIC EP,Saturn
138,Flux Pavilion,Lines in Wax,Hold Me Close
139,Craig David,Born to Do It,Walking Away
140,Celldweller,Soundtrack For The Voices In My Head Vol. 02,ShutEmDown
141,Getter,Inner Workings,Dubstep Is Dead
142,Justin Timberlake,FutureSex/LoveSounds,What Goes Around.../...Comes Around (Interlude)
143,Nelly Furtado,Loose,Promiscuous
144,Black Eyed Peas,Monkey Business,My Humps
145,Black Eyed Peas,Monkey Business,Pump It
146,Outkast,Speakerboxxx/The Love Below,Hey Ya!
147,Kesha,Animal,TiK ToK
148,Outkast,Stankonia,"So Fresh, So Clean"
149,Nelly Furtado,Loose,Say It Right
150,Sean Kingston,Beautiful Girls,Beautiful Girls
151,Fergie,The Dutchess,Big Girls Don't Cry (Personal)
152,Alicia Keys,As I Am,No One
153,Sean Kingston,Tomorrow,Fire Burning
154,Taio Cruz,The Rokstarr Hits Collection,Break Your Heart
155,Mohombi,MoveMeant (International),Bumpy Ride
156,Pitbull,Planet Pit (Deluxe Version),"Give Me Everything (feat. Ne-Yo, Afrojack & Nayer)"
157,Leona Lewis,Spirit,Better in Time
158,Leona Lewis,Spirit,Bleeding Love
159,Lady Gaga,The Fame,Just Dance
160,Lady Gaga,The Fame,Poker Face
161,Katy Perry,One Of The Boys,I Kissed A Girl
162,Far East Movement,Free Wired,Like A G6
163,Swedish House Mafia,Until One,Miami 2 Ibiza
164,LMFAO,Sorry For Party Rocking,Party Rock Anthem
165,Black Eyed Peas,THE E.N.D. (THE ENERGY NEVER DIES) [Deluxe Version],Boom Boom Pow
166,B.o.B,B.o.B Presents: The Adventures of Bobby Ray,Airplanes (feat. Hayley Williams of Paramore)
167,Paramore,Paramore,Still into You
168,Paramore,Paramore,Ain't It Fun
169,Fall Out Boy,Infinity On High,Thnks fr th Mmrs
170,Panic! At The Disco,"Too Weird to Live, Too Rare to Die!",This Is Gospel
171,Fall Out Boy,From Under The Cork Tree,"Sugar, We're Goin Down"
172,My Chemical Romance,Three Cheers for Sweet Revenge,I'm Not Okay (I Promise)
173,LMFAO,Party Rock,Shots
174,Lil Jon & The East Side Boyz,Crunkest Hits,Get Low
175,Wiz Khalifa,Rolling Papers,Black and Yellow
176,Macklemore & Ryan Lewis,The Heist (Deluxe Edition),Thrift Shop (feat. Wanz)
177,Kanye West,My Beautiful Dark Twisted Fantasy,POWER
178,Various Artists,Hot Joints 2,99 Problems
179,Flo Rida,Mail on Sunday,Low (feat. T-Pain)
180,DJ Snake,Turn Down for What,Turn Down for What
181,DJ Snake,You Know You Like It,You Know You Like It
182,DVBBS,Tsunami,Tsunami
183,Jack Ü,Skrillex and Diplo present Jack Ü,To Ü (feat. AlunaGeorge)
184,P!nk,Raise Your Glass,Raise Your Glass
185,Adam Lambert,For Your Entertainment,Whataya Want from Me
186,Owl City,Ocean Eyes,Fireflies
187,Flo Rida,My House,GDFR (feat. Sage the Gemini & Lookas)
188,Fetty Wap,Fetty Wap (Deluxe),Trap Queen
189,Fetty Wap,Fetty Wap (Deluxe),My Way (feat. Monty)
190,Drake,Views,Hotline Bling
191,Future,DS2 (Deluxe),Where Ya At (feat. Drake)
192,Travis Scott,Rodeo (Expanded Edition),Antidote
193,DJ Snake,Encore,Propaganda
194,DJ Snake,Encore,Middle
195,Flosstradamus,HDYNATION RADIO,Soundclash
196,Kygo,Cloud Nine,Stay (feat. Maty Noyes)
197,Kygo,Cloud Nine,Nothing Left (feat. Will Heard)
198,Jauz,Rock The Party,Rock The Party - Radio Edit
199,Zomboy,The Outbreak,Nuclear (Album Version)
200,Jauz,Feel The Volume,Feel The Volume
201,Valentino Khan,Deep Down Low,Deep Down Low
202,Valentino Khan,Pump,Pump
203,Malaa,Notorious,Notorious
204,Jauz,Deeper Love,Deeper Love
205,Lilly Wood and The Prick,Prayer in C,Prayer in C - Robin Schulz Radio Edit
206,CamelPhat,Cola,Cola
207,R3HAB,How We Party,How We Party
208,Feed Me,Feed Me's Escape from Electric Mountain,One Click Headshot
209,JOYRYDE,I WARE HOUSE,I WARE HOUSE
210,JOYRYDE,HOT DRUM,HOT DRUM
211,Rickyxsan,Gettin' That,Gettin' That
212,Lily Allen,"Alright, Still (Deluxe)",Smile
213,Amy Winehouse,Back To Black,Tears Dry On Their Own
214,Destiny's Child,Survivor,Survivor
215,Amy Winehouse,Back To Black,You Know I'm No Good
216,Kelly Clarkson,Breakaway,Since U Been Gone
217,Justin Timberlake,Justified,Cry Me a River
218,Rise Against,Appeal To Reason,Savior
219,The Offspring,"Rise And Fall, Rage And Grace","You're Gonna Go Far, Kid"
220,blink-182,Enema Of The State,All The Small Things
221,The Roots,Phrenology,The Seed (2.0)
222,Ne-Yo,Year Of The Gentleman,Miss Independent
223,Ne-Yo,Because Of You,Because Of You
224,Stephen,Crossfire,Crossfire
225,Justin Timberlake,The 20/20 Experience (Deluxe Version),Mirrors
226,Lil Wayne,Tha Carter IV (Deluxe),Mirror
227,Tiësto,"Club Life, Vol. 4 - New York City",Secrets
228,Martin Garrix,Forbidden Voices,Forbidden Voices
229,Tiësto,"Club Life, Vol. 4 - New York City",Kashmir
230,Tujamo,Drop That Low (When I Dip),Drop That Low (When I Dip)
231,Timmy Trumpet,Oracle,Oracle
232,Timmy Trumpet,Punjabi,Punjabi
233,Timmy Trumpet,Al Pacino,Al Pacino
234,Various Artists,HOWSLA,Chicken Soup
235,BROHUG,If I'm Wrong,If I'm Wrong
236,Drezo,Heaven,Heaven
237,Justin Timberlake,The 20/20 Experience - 2 of 2 (Deluxe),TKO
238,T.I.,Paper Trail,Dead And Gone
239,50 Cent,Curtis,Ayo Technology
240,Chamillionaire,The Sound of Revenge,Ridin'
241,50 Cent,Get Rich Or Die Tryin',In Da Club
242,Busta Rhymes,Genesis,Break Ya Neck
243,Chris Brown,Chris Brown (Expanded Edition),Run It! (feat. Juelz Santana)
244,Fort Minor,The Rising Tied,Remember the Name (feat. Styles of Beyond)
245,Shaggy,Hot Shot (International Version #2),It Wasn't Me
246,DMX,...And Then There Was X,Party Up
247,Terror Squad,True Story,Lean Back
248,The Neighbourhood,Wiped Out!,R.I.P. 2 My Youth
249,Halsey,BADLANDS (Deluxe),Gasoline
250,The Kooks,Listen,Bad Habit
251,Twenty One Pilots,Vessel,Car Radio
252,Halsey,BADLANDS,Colors
253,Panic! At The Disco,Death of a Bachelor,Emperor's New Clothes
254,Panic! At The Disco,Death of a Bachelor,Death of a Bachelor
255,KONGOS,Lunatic,Come with Me Now
256,Green Day,Boulevard of Broken Dreams,Boulevard of Broken Dreams
257,Nickelback,Silver Side Up,How You Remind Me
258,Evanescence,Fallen,Bring Me To Life
259,3 Doors Down,The Better Life,Kryptonite
260,Three Days Grace,Three Days Grace,I Hate Everything About You
261,Skillet,Awake,Monster
262,Within Temptation,The Silent Force,Angels
263,Seether,Disclaimer II,Broken
264,Green Day,American Idiot,American Idiot
265,Bon Jovi,Crush,It's My Life
266,The Fray,How To Save A Life,How to Save a Life
267,Justin Timberlake,FutureSex/LoveSounds,My Love
268,Paramore,Riot!,Misery Business
269,Fall Out Boy,From Under The Cork Tree,"Dance, Dance"
270,My Chemical Romance,The Black Parade,Teenagers
271,Thirty Seconds To Mars,A Beautiful Lie,The Kill (Bury Me)
272,Foo Fighters,"Echoes, Silence, Patience & Grace",The Pretender
273,Foo Fighters,One By One,All My Life
274,Evanescence,Fallen,Going Under
275,Rammstein,"REISE, REISE",AMERIKA
276,Slipknot,All Hope Is Gone,Psychosocial
277,Avenged Sevenfold,Nightmare,Nightmare
278,Slipknot,Vol. 3: The Subliminal Verses,Duality
279,Disturbed,The Sickness,Down with the Sickness
280,Disturbed,Indestructible (Deluxe Edition),Indestructible
281,Disturbed,Indestructible (Deluxe Edition),Inside the Fire
282,Avenged Sevenfold,Avenged Sevenfold,Afterlife
283,Skillet,Awake,Hero
284,Three Days Grace,One-X,Animal I Have Become
285,Drowning Pool,Sinner,Bodies
286,Disturbed,Ten Thousand Fists,Stricken
287,Bullet For My Valentine,The Poison,Tears Don't Fall
288,Bullet For My Valentine,Fever,Your Betrayal
289,Stone Sour,Come What(ever) May [10th Anniversary Edition],Through Glass
290,Rise Against,The Sufferer & The Witness,Prayer Of The Refugee
291,Slipknot,Vol. 3: The Subliminal Verses,Before I Forget
292,System Of A Down,Mezmerize,B.Y.O.B.
293,Avenged Sevenfold,Nightmare,Welcome to the Family
294,Lamb of God,Ashes Of The Wake,Laid to Rest
295,Killswitch Engage,As Daylight Dies (Special Edition),My Curse
296,Korn,Follow The Leader,Freak On a Leash
297,Killswitch Engage,The End of Heartache (Special Edition),The End of Heartache
298,As I Lay Dying,An Ocean Between Us,The Sound Of Truth
299,Lamb of God,Sacrament,Redneck
300,Avenged Sevenfold,Hail to the King,Hail to the King
301,Trivium,In Waves (Special Edition),In Waves
302,Arch Enemy,War Eternal,War Eternal
303,Amon Amarth,Twilight Of The Thunder God,Twilight Of The Thunder God
304,Amon Amarth,Twilight Of The Thunder God,Guardians Of Asgaard
305,Eluveitie,Origins,The Call Of The Mountains
306,Finntroll,Nattfödd,Trollhammaren
307,Týr,Valkyrja,Blood of Heroes
308,Bullet For My Valentine,Scream Aim Fire,Waking the Demon
309,Slipknot,All Hope Is Gone,Dead Memories
310,Parkway Drive,Ire,Vice Grip
311,Architects,All Our Gods Have Abandoned Us,A Match Made In Heaven
312,Hatebreed,Supremacy,Destroy Everything
313,Soulfly,Primitive (Special Edition),Jumpdafuckup
314,Hatebreed,Hatebreed,In Ashes They Shall Reap
315,Sound City - Real to Reel,Sound City - Real to Reel,Mantra
316,Queens of the Stone Age,Songs For The Deaf,Go With The Flow
317,Turisas,Stand Up and Fight,Stand Up and Fight
318,Turisas,Battle Metal (Deluxe Edition),Battle Metal
319,Equilibrium,Waldschrein,Himmelsrand
320,Adam Lambert,The Original High (Deluxe Version),Ghost Town
321,Jason Derulo,Everything Is 4,Want to Want Me
322,Christina Aguilera,Dance Vault Mixes - Candyman,Candyman - RedOne Mix
323,Enrique Iglesias,Insomniac (New International Version Spanish),Tired Of Being Sorry
324,Evanescence,Fallen,My Immortal
325,Nightwish,Once,Nemo
326,Nightwish,Once,Wish I Had An Angel
327,Juanes,Mi Sangre,La Camisa Negra
328,Juanes,La Vida Es Un Ratico,Me Enamora
329,Avenged Sevenfold,City of Evil,Bat Country
330,Twenty One Pilots,Blurryface,Ride
331,DragonForce,Killer Elite,Through The Fire And Flames
332,Powerwolf,Blood of the Saints,Sanctified with Dynamite
333,DragonForce,Ultra Beatdown,Heroes Of Our Time
334,Tenacious D,The Pick Of Destiny,The Metal
335,Ensiferum,One Man Army,One Man Army
336,Amon Amarth,Fate of Norns,The Pursuit Of Vikings
337,Arch Enemy,Doomsday Machine,Nemesis
338,Ensiferum,Iron (2009 Edition),Lai Lai Hei
339,Children Of Bodom,Are You Dead Yet?,Are You Dead Yet?
340,Architects,Doomsday,Doomsday
341,Wage War,Deadweight,Stitch
342,Parkway Drive,Ire,Crushed
343,We Came As Romans,Cold Like War,Cold Like War
344,Travis Scott,Birds In The Trap Sing McKnight,goosebumps
345,My Chemical Romance,The Black Parade,Famous Last Words
346,Green Day,American Idiot,Wake Me up When September Ends
347,The Hives,Veni Vidi Vicious,Hate To Say I Told You So
348,Arctic Monkeys,"Whatever People Say I Am, That's What I'm Not",I Bet You Look Good On The Dancefloor
349,The Black Keys,El Camino,Lonely Boy
350,Jet,Get Born,Are You Gonna Be My Girl
351,Thirty Seconds To Mars,This Is War (Deluxe),This Is War
352,Thirty Seconds To Mars,LOVE LUST FAITH + DREAMS,Up In The Air
353,P!nk,The Truth About Love,Just Give Me a Reason (feat. Nate Ruess)
354,P!nk,Funhouse,So What
355,P!nk,Funhouse,Funhouse
356,P!nk,The Truth About Love,Try
357,P!nk,Greatest Hits...So Far!!!,Get the Party Started
358,P!nk,Greatest Hits...So Far!!!,Family Portrait
359,P!nk,Greatest Hits...So Far!!!,Just Like a Pill
360,MØ,Sun In Our Eyes,Sun In Our Eyes
361,The Rasmus,In the Shadows,In the Shadows
362,Kendrick Lamar,DAMN.,PRIDE.
363,Wiz Khalifa,Rolling Papers 2,It's on You
364,Kendrick Lamar,DAMN.,DNA.
365,Kendrick Lamar,DAMN.,HUMBLE.
366,Powerwolf,Blood of the Saints,We Drink Your Blood
367,Korpiklaani,A Man with a Plan,A Man with a Plan
368,NEXT EX,Mistakes,Wrong Time
369,Snoop Dogg,R&G (Rhythm & Gangsta): The Masterpiece,Drop It Like It's Hot
370,50 Cent,The Massacre,Candy Shop
371,Gorillaz,Demon Days,Feel Good Inc.
372,Zedd,True Colors,Beautiful Now
373,Marshmello,Alone,Alone
374,Axwell /\ Ingrosso,More Than You Know,Sun Is Shining
375,Axwell /\ Ingrosso,More Than You Know,On My Way
376,The Chainsmokers,Closer,Closer
377,Martin Garrix,Scared to Be Lonely,Scared to Be Lonely
378,Kygo,Remind Me to Forget,Remind Me to Forget
379,The Weeknd,"My Dear Melancholy,",Call Out My Name
380,Post Malone,beerbongs & bentleys,Better Now
381,Martin Garrix,Ocean (feat. Khalid),Ocean (feat. Khalid)
382,Post Malone,Stoney (Deluxe),I Fall Apart
383,Andy Grammer,The Good Parts,Fresh Eyes
384,Duke Dumont,Ocean Drive,Ocean Drive
385,Lil Wayne,Tha Carter III,A Milli
386,Lil Wayne,Tha Carter III,Lollipop
387,Kendrick Lamar,Swimming Pools (Drank),Swimming Pools (Drank)
388,Kevin Gates,Islah (Deluxe),2 Phones
389,Migos,Culture,Bad and Boujee (feat. Lil Uzi Vert)
390,Big Sean,Dark Sky Paradise,Blessings
391,Lost Frequencies,Crazy,Crazy
392,The Killers,Hot Fuss,Mr. Brightside
393,Yelawolf,Love Story,Till It's Gone
394,Parkway Drive,Atlas,Dark Days
395,Various Artists,Battle Royale Vol. 2,Jotaro
396,Korpiklaani,Karkelo,Vodka
397,Eluveitie,Origins,King
398,Arkona,Vo Slavu Velikim,Skvoz' Tuman Vekov
399,Finntroll,Nifelvind,Solsagan
400,Turisas,Stand Up and Fight,The March of the Varangian Guard
401,Grimner,Frost Mot Eld,Eldhjärta
402,Wolfchant,A Pagan Storm,A Pagan Storm
403,Månegarm,Nattväsen,"Nattsjäl, drömsjäl"
404,Moonsorrow,Suden Uni,Pakanajuhla
405,Thyrfing,Urkraft,Mjölner
406,Skiltron,The Highland Way,Bagpipes of War
407,SuidAkrA,Caledonia,The Ixth Legion
408,Týr,Valkyrja,Mare of My Night
409,Ensiferum,Iron (2009 Edition),Into Battle
410,Crimfall,The Writ of Sword,Frost upon Their Graves
411,Nordheim,Lost in the North,"Beer, Metal, Trolls and Vomit!"
412,SpellBlast,Horns Of Silence,Goblins' Song
413,Falkenbach,Tiurida,... Where His Ravens Fly..
414,Einherjer,Blot,Ironbound
415,Myrkgrav,"Trollskau, Skrømt og Kølabrenning",De To Spellemenn
416,Finntroll,Nifelvind,Ett Norrskensdåd
417,Cruachan,A Celtic Legacy,Ride On
418,Månegarm,Vredens tid,Hemfärd
419,Falkenbach,Asa,Bluot Fuër Bluot
420,Moonsorrow,Jumalten Aika,Suden Tunti
421,Svartsot,Vældet,Midsommer
422,Windir,1184,Journey to the End
423,Falkenbach,Asa,Vaer Stjernar Vaerdan
424,Parkway Drive,Deep Blue,Karma
425,Korn,Issues,Falling Away from Me
426,Trivium,Vengeance Falls (Special Edition),Strife
427,DevilDriver,The Last Kind Words,Clouds Over California
428,Gojira,L'Enfant Sauvage (Special Edition),L'enfant sauvage
429,Mastodon,Leviathan,Blood and Thunder
430,In Flames,Clayman (Reissue 2014),Only for the Weak
431,Alter Bridge,One Day Remains,Metalingus
432,Usher,Confessions (Expanded Edition),My Boo
433,Nelly,Nellyville,Dilemma
434,Fat Joe,Jealous Ones Still Envy (J.O.S.E),What's Luv? (feat. Ja-Rule & Ashanti)
435,Eve,Scorpion,Let Me Blow Ya Mind
436,Snoop Dogg,Paid Tha Cost To Be Da Bo$$,Beautiful
437,50 Cent,Get Rich Or Die Tryin',P.I.M.P.
438,Missy Elliott,Miss E... So Addictive,Get Ur Freak On
439,The Neptunes,The Neptunes Present... Clones,Frontin' (feat. Jay-Z) - Club Mix
440,ODB,Nigga Please,Got Your Money (feat. Kelis)
441,Missy Elliott,Under Construction,Work It
442,Mary J. Blige,No More Drama,Family Affair
443,Nelly,Country Grammar,Ride Wit Me
444,Various Artists,Bad Boy 20th Anniversary Box Set Edition,I Don't Wanna Know (feat. Enya & P. Diddy) - 2016 Remaster
445,Black Label Society,Skullage,Stillborn
446,Limp Bizkit,Chocolate Starfish And The Hot Dog Flavored Water,Rollin' (Air Raid Vehicle)
447,Strapping Young Lad,Alien,Love?
448,Sabaton,The Last Stand,The Last Stand
449,Five Finger Death Punch,"The Wrong Side Of Heaven And The Righteous Side Of Hell, Volume 1",Wrong Side of Heaven
450,Amon Amarth,Jomsviking,Raise Your Horns
451,Powerwolf,Blood of the Saints,"Die, Die, Crucify"
452,Killswitch Engage,As Daylight Dies (Special Edition),The Arms of Sorrow
453,WWE,Voices: WWE the Music Vol. 9,Voices (Randy Orton) [feat. Rev Theory]
454,Lamb of God,Sacrament,Walk with Me In Hell
455,System Of A Down,Toxicity,Toxicity
456,Drowning Pool,Sinner,Tear Away
457,Trivium,Silence in the Snow,Until the World Goes Cold
458,Mudvayne,Lost and Found,Happy?
459,Jinjer,King Of Everything,Pisces
460,Periphery,Periphery III: Select Difficulty,Marigold
461,Thy Art Is Murder,Hate,Reign Of Darkness
462,Thy Art Is Murder,Hate,The Purest Strain Of Hate
463,Machine Head,Unto the Locust (Special Edition),Locust
464,Metalocalypse: Dethklok,The Dethalbum,Murmaider
465,Mura Masa,Mura Masa,Love$ick (feat. A$AP Rocky)
466,Kygo,Cloud Nine,Firestone
467,Alesso,I Wanna Know,I Wanna Know
468,Years & Years,Communion (Deluxe),King
469,Lost Frequencies,Here with You (with Netsky),Here with You
470,Russkaja,Energia!,Energia
471,Mastodon,Crack the Skye,Oblivion
472,System Of A Down,Toxicity,Chop Suey!
473,In Flames,Reroute to Remain (Reissue 2014),Cloud Connected
474,Disturbed,Ten Thousand Fists,Land of Confusion
475,Hooverphonic,With Orchestra Live,Mad About You - Live at Koningin Elisabethzaal 2012
476,Slipknot,All Hope Is Gone,Snuff
477,Radiohead,OK Computer,Karma Police
478,Twenty One Pilots,Trench,Chlorine
479,Alan Walker,Diamond Heart,Diamond Heart
480,Alan Walker,Darkside,Darkside
481,George Ezra,Staying at Tamara's,Shotgun
482,Dennis Lloyd,Nevermind,Nevermind
483,Axwell /\ Ingrosso,Dancing Alone,Dancing Alone
484,Bastille,Quarter Past Midnight,Quarter Past Midnight
485,George Ezra,Wanted on Voyage,Barcelona
486,Týr,By the Light of the Northern Star,Hold the Heathen Hammer High
487,Finntroll,Nifelvind,Under Bergets Rot
488,Sabaton,The Art Of War (Re-Armed),Panzerkampf
489,HammerFall,Steel Meets Steel - 10 Years Of Glory,Last Man Standing
490,Sabaton,Primo Victoria (Re-Armed),Primo Victoria
491,Fozzy,Judas,Judas
492,Mick Gordon,Doom (Original Game Soundtrack),Rip & Tear
493,After The Burial,Evergreen,Respire
494,Goatwhore,Carving Out The Eyes Of God,Apocalyptic Havoc
495,The Kooks,Inside In / Inside Out,Naive
496,Rag'n'Bone Man,Human (Deluxe),Human
497,K'NAAN,Wavin' Flag (International Version Coca-Cola® Celebration Mix),Wavin' Flag - Coca-Cola® Celebration Mix
498,Various Artists,Summer Party,Let's Get It Started
499,Behemoth,Evangelion,Ov Fire And The Void
500,Powerwolf,Blessed & Possessed,Armata Strigoi
501,Meshuggah,Koloss,Demiurge
502,Two Feet,First Steps,Go Fuck Yourself
503,A$AP Rocky,TESTING,Praise The Lord (Da Shine) (feat. Skepta)
504,21 Savage,Without Warning,Ric Flair Drip (& Metro Boomin)
505,Rusko,Everyday,Everyday - Netsky Remix
506,Camo & Krooked,Black or White / Ember (Remixes),Black or White (feat. Tasha Baxter) - IMANU/Signal Remix
507,Figure,Riot,Riot
508,Delta Heavy,Kaleidoscope,Kaleidoscope
509,DC Breaks,Different Breed,Remember
510,Memtrix,Sunkenspace,Sunkenspace
511,Metrik,LIFE/THRILLS,Cadence
512,Ghost,Prequelle,Dance Macabre
513,Ghost,If You Have Ghost,Secular Haze
514,Thy Art Is Murder,Hate,Shadow Of Eternal Sin
515,Mall Grab,"How The Dogs Chill, Vol. 1",Liverpool Street In The Rain
516,JOYRYDE,IM GONE,IM GONE
517,Dirtyphonics,Rise From The Dead,Rise From The Dead
518,alt-J,RELAXER,Deadcrush
519,Tame Impala,Lonerism,Elephant
520,Madcon,So Dark The Con Of Man,Beggin (original version)
521,Eminem,Recovery,Not Afraid
522,Tinie Tempah,Disc-Overy,Written in the Stars (feat. Eric Turner)
523,T-Pain,Epiphany,Buy U a Drank (Shawty Snappin') (feat. Yung Joc)
524,Ensiferum,Unsung Heroes,In My Sword I Trust
525,Eluveitie,Everything Remains (As It Never Was),Thousandfold
526,The White Stripes,White Blood Cells,Fell In Love With a Girl
527,Queens of the Stone Age,Songs For The Deaf,No One Knows
528,The Black Keys,El Camino,Gold on the Ceiling
529,Eluveitie,Slania,Inis Mona
530,JAY-Z,The Blueprint 3,Empire State Of Mind
531,Kanye West,Runaway (Explicit Version),Runaway
532,Gym Class Heroes,The Papercut Chronicles,Cupid's Chokehold / Breakfast in America
533,Sunrise Avenue,On The Way To Wonderland,Fairytale Gone Bad
534,Ville Valo,Summer Wine,Summer Wine - Single Edit
535,Limp Bizkit,Chocolate Starfish And The Hot Dog Flavored Water,My Way
536,P.O.D.,Satellite (U.S. Version),Youth of the Nation
537,Hoobastank,Hoobastank (Expanded Edition),Crawling In The Dark
538,Bullet For My Valentine,The Poison,Hand Of Blood
539,Alien Ant Farm,Smooth Criminal,Smooth Criminal
540,Beyoncé,B'Day Deluxe Edition,Irreplaceable
541,Kelly Clarkson,Breakaway,Breakaway
542,Colbie Caillat,Coco,Bubbly
543,Mario,Turning Point,Let Me Love You
544,Shakira,"Fijación Oral, Vol. 1",La Tortura (feat. Alejandro Sanz)
545,Jennifer Lopez,Como Ama Una Mujer,Qué Hiciste
546,Enrique Iglesias,Enrique,"Bailamos - From ""Wild Wild West"""
547,Juanes,Un Día Normal,A Dios Le Pido
548,Ensiferum,From Afar,Twilight Tavern
549,Justin Timberlake,FutureSex/LoveSounds Deluxe Edition,SexyBack (feat. Timbaland)
550,Dope,Life,Die MF Die
551,John Newman,Tribute,Love Me Again
552,S.A.R.S.,10,Perspektiva
553,Papa Roach,Infest,Last Resort
554,Kanye West,Graduation,Stronger
555,Fort Minor,Sessions @ AOL,Remember the Name (feat. Styles of Beyond) - Live from Sessions@AOL
556,Linkin Park,Iridescent,New Divide
557,The Killers,Hot Fuss,Somebody Told Me
558,AWOLNATION,Megalithic Symphony Deluxe,Sail
559,Fall Out Boy,Infinity On High,"This Ain't A Scene, It's An Arms Race"
560,Eminem,The Eminem Show,'Till I Collapse
561,Sabaton,Art Of War,Ghost Division
562,Bloodhound Gang,Hefty Fine,Foxtrot Uniform Charlie Kilo
563,DragonForce,Sonic Firestorm,Fury Of The Storm
564,HammerFall,Crimson Thunder,Hearts on Fire
565,David Guetta,Nothing but the Beat (Ultimate Edition),Titanium (feat. Sia)
566,Kendrick Lamar,Section.80,A.D.H.D
567,Aventura,We Broke The Rules,Obsesion
568,Gojira,Magma,Silvera
569,Twenty One Pilots,Jumpsuit / Nico And The Niners,Jumpsuit
570,Meshuggah,Obzen,Bleed
571,Children Of Bodom,Follow The Reaper,Bodom After Midnight
572,Children Of Bodom,Follow The Reaper,Everytime I Die
573,Children Of Bodom,Follow The Reaper,Children Of Decadence
574,Children Of Bodom,Hate Crew Deathroll,Needled 24 / 7
575,Children Of Bodom,Hatebreeder,"Silent Night, Bodom Night"
576,Children Of Bodom,Hate Crew Deathroll,Hate Crew Deathroll
577,Children Of Bodom,Hate Crew Deathroll,Sixpounder
578,Dark Tranquillity,Fiction,Terminus (Where Death is Most Alive)
579,Crimson Glory,Crimson Glory,Queen of the Masquerade
580,In Flames,The Jester Race (Black Ash-Inheritance Version),The Jester's Dance
581,Seether,Finding Beauty In Negative Spaces (Bonus Track Version),Fake It
582,Papa Roach,The Paramour Sessions,...To Be Loved
583,Various Artists,Cars Original Soundtrack (English Version),Life is a Highway
584,Pendulum,Immersion,Witchcraft
585,Soulja Boy,Crank That (Soulja Boy) [Travis Barker Remix],Crank That (Soulja Boy) [Travis Barker Remix]
586,Sum 41,Does This Look Infected?,Still Waiting
587,Sonic Syndicate,We Rule the Night,Turn It Up
588,Fall Out Boy,Save Rock And Roll,My Songs Know What You Did In The Dark (Light Em Up)
589,Rise Against,Siren Song Of The Counter-Culture,Give It All
590,Papa Roach,Metamorphosis,Hollywood Whore
591,Blue Stahli,Blue Stahli (Deluxe Edition),ULTRAnumb
592,Linkin Park,Meteora,Breaking the Habit
593,Green Day,21st Century Breakdown,Know Your Enemy
594,Celldweller,Wish Upon A Blackstar (Deluxe Edition),Eon
595,Rise Against,Endgame,Satellite
596,Marilyn Manson,The Golden Age Of Grotesque,This Is The New Shit
597,Pendulum,Live at Brixton Academy,Blood Sugar - Live at Brixton Academy
598,Three Days Grace,One-X,Time of Dying
599,Crazy Town,The Gift Of Game,Butterfly
600,My Chemical Romance,Three Cheers for Sweet Revenge,Thank You for the Venom
601,Gloria Estefan,Amor Y Suerte (Spanish Greatest Hits),Hoy - Spanish Version
602,Moby,Lift Me Up,Lift Me Up - Radio Mix
603,Eminem,Recovery,Not Afraid
604,Fall Out Boy,Save Rock And Roll,My Songs Know What You Did In The Dark (Light Em Up)
605,Tiësto,A Town Called Paradise,Red Lights
606,Monstercat,Monstercat - Best of Electro Vol. 1,Ampersand
607,AronChupa,I'm an Albatraoz,I'm an Albatraoz
608,M83,"Hurry up, We're Dreaming",Midnight City
609,Twenty One Pilots,Blurryface,Tear in My Heart
610,Shakira,Waka Waka (This Time for Africa) [The Official 2010 FIFA World Cup (TM) Song] (feat. Freshlyground),Waka Waka (This Time for Africa) [The Official 2010 FIFA World Cup (TM) Song] (feat. Freshlyground)
611,Kendrick Lamar,i,i
612,Calvin Harris,One Kiss (with Dua Lipa),One Kiss (with Dua Lipa)
613,Swedish House Mafia,Until Now,Save The World
614,Swedish House Mafia,Until Now,Greyhound
615,Tiësto,Split (Only U),Split (Only U)
616,Major Lazer,Free the Universe,Watch Out For This (Bumaye)
617,Mr. Probz,Waves (Robin Schulz Radio Edit),Waves - Robin Schulz Radio Edit
618,Eric Prydz,Pjanoo,Pjanoo - Radio Edit
619,David Guetta,Just a Little More Love,Love Don't Let Me Go
620,Robbie Williams,Sing When You're Winning,Supreme
621,Robbie Williams,Life Thru A Lens,Let Me Entertain You
622,Robbie Williams,Sing When You're Winning,Rock DJ
623,Robbie Williams,Swing When You're Winning,Somethin' Stupid
624,Florence + The Machine,Lungs (Deluxe Version),You've Got The Love
625,Justice,Justice,Genesis
626,deadmau5,mau5ville: Level 1,Monophobia
627,Kaskade,I Remember,Move for Me
628,deadmau5,Raise Your Weapon,Raise Your Weapon
629,Gianluca Motta,Not Alone (feat. Molly),Not Alone (feat. Molly) - Deadmau5 Edit
630,deadmau5,> Album Title Goes Here <,Professional Griefers
631,deadmau5,For Lack Of A Better Name,Strobe
632,deadmau5,Random Album Title,Arguru
633,deadmau5,> Album Title Goes Here <,Superliminal
634,deadmau5,> Album Title Goes Here <,Maths
635,Capital Cities,In A Tidal Wave Of Mystery (Deluxe Edition),Safe And Sound
